Job Title,Company,Location,Date Posted,Job Link
PHP Full Stack Developer,N/A,N/A,Posted 3 days ago,N/A
Fullstack Developer,N/A,N/A,Posted 2 days ago,N/A
"Senior Full Stack Developer (Python, React)",N/A,N/A,Posted 1 day ago,N/A
Full Stack Developer,N/A,N/A,Posted 16 days ago,N/A
"Java Full Stack Developer - Mclean, VA (Looking local) - 12+",N/A,N/A,Posted 1 day ago,N/A
Full-Stack Developer,N/A,N/A,Posted 2 days ago,N/A
Full-Stack Developer,N/A,N/A,Posted 3 days ago,N/A
.Net Full Stack Developer,N/A,N/A,Posted 8 days ago,N/A
Full Stack Developer,N/A,N/A,Posted 2 days ago,N/A
Full Stack Developer,N/A,N/A,Posted 11 days ago,N/A
Software Engineer III - Full Stack Developer,N/A,N/A,Posted 3 days ago,N/A
Java Full Stack Developer,N/A,N/A,Posted 2 days ago,N/A
Golang Full Stack Developer with Google Cloud Platform (Google Cloud Platform) Experience 10.3.2024,N/A,N/A,Posted 9 days ago,N/A
Java Full Stack Developer,N/A,N/A,Posted 12 days ago,N/A
Full Stack Developer (.NET),N/A,N/A,Posted 12 days ago,N/A
Full Stack Developer (100% REMOTE/NO C2C),N/A,N/A,Posted 1 day ago,N/A
Fullstack Java/Angular Developer,N/A,N/A,Posted 15 days ago,N/A
Full Stack Developer,N/A,N/A,Posted 17 days ago,N/A
.Net Full Stack Developer,N/A,N/A,Posted 5 days ago,N/A
Full Stack Developer Lead,N/A,N/A,Posted 10 days ago,N/A
PHP Full Stack Developer,N/A,N/A,Posted 3 days ago,N/A
Fullstack Developer,N/A,N/A,Posted 2 days ago,N/A
"Senior Full Stack Developer (Python, React)",N/A,N/A,Posted 1 day ago,N/A
Full Stack Developer,N/A,N/A,Posted 16 days ago,N/A
"Java Full Stack Developer - Mclean, VA (Looking local) - 12+",N/A,N/A,Posted 1 day ago,N/A
Full-Stack Developer,N/A,N/A,Posted 2 days ago,N/A
Full-Stack Developer,N/A,N/A,Posted 3 days ago,N/A
Full Stack Developer,N/A,N/A,Posted 2 days ago,N/A
.Net Full Stack Developer,N/A,N/A,Posted 8 days ago,N/A
Full Stack Developer,N/A,N/A,Posted 11 days ago,N/A
Software Engineer III - Full Stack Developer,N/A,N/A,Posted 3 days ago,N/A
Java Full Stack Developer,N/A,N/A,Posted 2 days ago,N/A
Golang Full Stack Developer with Google Cloud Platform (Google Cloud Platform) Experience 10.3.2024,N/A,N/A,Posted 9 days ago,N/A
Java Full Stack Developer,N/A,N/A,Posted 12 days ago,N/A
Full Stack Developer (.NET),N/A,N/A,Posted 12 days ago,N/A
Full Stack Developer (100% REMOTE/NO C2C),N/A,N/A,Posted 1 day ago,N/A
Fullstack Java/Angular Developer,N/A,N/A,Posted 15 days ago,N/A
Full Stack Developer,N/A,N/A,Posted 17 days ago,N/A
.Net Full Stack Developer,N/A,N/A,Posted 5 days ago,N/A
Full Stack Developer Lead,N/A,N/A,Posted 10 days ago,N/A
Senior Front End Developer,N/A,N/A,Posted 4 hours ago,N/A
Veeva Front-End Developer,N/A,N/A,Posted 2 days ago,N/A
Frontend Developer (JavaScript/Typescript ),N/A,N/A,Posted 2 days ago,N/A
Front End Developer - Angular,N/A,N/A,Posted 5 hours ago,N/A
Front End Developer,N/A,N/A,Posted 1 day ago,N/A
Front End Developer / Vue.js,N/A,N/A,Posted 16 days ago,N/A
Full Stack Front End Developer,N/A,N/A,Posted 31 days ago,N/A
Front End Developer w/ Angular & Secret Clearance - 1 day onsite!,N/A,N/A,Posted 32 days ago,N/A
Data visualization front end developer,N/A,N/A,Posted 2 days ago,N/A
Java Backend or Frontend Developer,N/A,N/A,Posted 1 day ago,N/A
Front-End Developer - Top Secret Required,N/A,N/A,Posted 4 days ago,N/A
Front End Developer & Architect,N/A,N/A,Posted 2 days ago,N/A
Flutter Front End Developer,N/A,N/A,Posted 1 day ago,N/A
Senior UI Front End Developer,N/A,N/A,Posted 51 days ago,N/A
UI Front End Developer,N/A,N/A,Posted 3 days ago,N/A
Mobile Developer (Front End),N/A,N/A,Posted 10 days ago,N/A
Front End Developer,N/A,N/A,Posted 25 days ago,N/A
Front End Developer,N/A,N/A,Posted 27 days ago,N/A
Front End Developer,N/A,N/A,Posted 1 day ago,N/A
"Hexaware is Hiring -- Front-End Developer with NodeJS Python Experience - Reston, VA",N/A,N/A,Posted 9 days ago,N/A
Online Banking - Sr. Back End Developer,N/A,N/A,Posted 60+ days ago,N/A
Back End Developer (Nodejs+Golang),N/A,N/A,Posted 6 days ago,N/A
Back-End Developer (Mid-level),N/A,N/A,Posted 46 days ago,N/A
Principal Software Engineer - Backend Developer,N/A,N/A,Posted 38 days ago,N/A
Back End Developer,N/A,N/A,Posted 16 hours ago,N/A
.NET Desktop/Back-End Developer,N/A,N/A,Posted 2 days ago,N/A
Backend Python Developer 5-8 Years of Experience,N/A,N/A,Posted 3 days ago,N/A
.Net Backend Developer,N/A,N/A,Posted 1 day ago,N/A
Backend Developer,N/A,N/A,Posted 15 days ago,N/A
Lead Backend Developer,N/A,N/A,Posted 16 days ago,N/A
Backend Developer,N/A,N/A,Posted 31 days ago,N/A
Backend Developer,N/A,N/A,Posted 2 days ago,N/A
Senior Backend Developer (C#),N/A,N/A,Posted 1 day ago,N/A
Java Backend Lead Developer,N/A,N/A,Posted 4 days ago,N/A
Backend Developer,N/A,N/A,Posted 14 days ago,N/A
AI Backend Developer,N/A,N/A,Posted 3 days ago,N/A
Sr Backend Developer,N/A,N/A,Posted 16 days ago,N/A
"Backend Developer with blockchain exp - Alpharetta, GA/Fremont, CA",N/A,N/A,Posted 3 days ago,N/A
Back End Developer - Top Secret Required,N/A,N/A,Posted 4 days ago,N/A
Java Backend Developer,N/A,N/A,Posted 1 day ago,N/A
Software Engineer IBM BPM,N/A,N/A,Posted 2 days ago,N/A
Senior Software Engineer,N/A,N/A,Posted 4 hours ago,N/A
Software Engineer,N/A,N/A,Posted 1 day ago,N/A
Software Engineer,N/A,N/A,Posted 1 day ago,N/A
Senior Software Engineer,N/A,N/A,Posted 4 hours ago,N/A
Software Engineer,N/A,N/A,Posted 4 hours ago,N/A
AWS Software Engineer,N/A,N/A,Posted 4 hours ago,N/A
Senior Software Engineer,N/A,N/A,Posted 1 day ago,N/A
Senior Software Engineer,N/A,N/A,Posted 4 hours ago,N/A
Senior Software Engineer,N/A,N/A,Posted 1 day ago,N/A
Senior Software Engineer,N/A,N/A,Posted 1 day ago,N/A
Software Engineer,N/A,N/A,Posted 2 days ago,N/A
Senior Software Engineer,N/A,N/A,Posted 2 days ago,N/A
Embedded Software Engineer,N/A,N/A,Posted 2 days ago,N/A
Staff Software Engineer,N/A,N/A,Posted 1 day ago,N/A
Software Engineer,N/A,N/A,Posted 2 days ago,N/A
Embedded Software Engineer,N/A,N/A,Posted 2 days ago,N/A
Software Engineer,N/A,N/A,Posted 1 day ago,N/A
Senior Software Engineer,N/A,N/A,Posted 3 days ago,N/A
Software Engineer,N/A,N/A,Posted 5 days ago,N/A
Web Developer (Fullstack) w/ Payment experience,N/A,N/A,Posted 4 hours ago,N/A
.NET Web Developer II,N/A,N/A,Posted 1 day ago,N/A
Sr Web Developer,N/A,N/A,Posted 15 days ago,N/A
Journeyman Web Developer,N/A,N/A,Posted 2 days ago,N/A
Junior Web Developer,N/A,N/A,Posted 2 days ago,N/A
Web Developer,N/A,N/A,Posted 2 days ago,N/A
Junior Web Developer,N/A,N/A,Posted 2 days ago,N/A
Web Developer,N/A,N/A,Posted 2 days ago,N/A
.NET Web Developer II,N/A,N/A,Posted 4 days ago,N/A
Senior PHP Web Developer,N/A,N/A,Posted 11 days ago,N/A
Web Developer,N/A,N/A,Posted 16 days ago,N/A
"Web Developer, TS/SCI with Full Scope Polygraph Security Clearance Required - G",N/A,N/A,Posted 23 days ago,N/A
Web Developer,N/A,N/A,Posted 10 days ago,N/A
Sr. Angular Web Developer,N/A,N/A,Posted 17 days ago,N/A
Web Developer,N/A,N/A,Posted 1 day ago,N/A
Web Developer / Atlanta / Restaurant Marketing Agency,N/A,N/A,Posted 5 days ago,N/A
Full Stack Web Developer-Advanced Level,N/A,N/A,Posted 9 days ago,N/A
Web Developer,N/A,N/A,Posted 1 day ago,N/A
"Web Developer, TS/SCI with Full Scope Polygraph Security Clearance Required - G",N/A,N/A,Posted 23 days ago,N/A
Web Developer,N/A,N/A,Posted 1 day ago,N/A
senior java Developer,N/A,N/A,Posted 1 day ago,N/A
Principal Java Developer,N/A,N/A,Posted 4 hours ago,N/A
Java Developer,N/A,N/A,Posted 4 hours ago,N/A
Senior Java Developer,N/A,N/A,Posted 3 days ago,N/A
Senior Java Developer,N/A,N/A,Posted 2 days ago,N/A
"Java Developer, Hybrid in Charlotte",N/A,N/A,Posted 1 day ago,N/A
Java Developer,N/A,N/A,Posted 3 hours ago,N/A
Java Developer (Oracle 10g / JSF),N/A,N/A,Posted 12 days ago,N/A
Senior Java Developer,N/A,N/A,Posted 23 days ago,N/A
Senior Java Developer,N/A,N/A,Posted 23 days ago,N/A
Senior Java Developer,N/A,N/A,Posted 1 day ago,N/A
Java Developer,N/A,N/A,Posted 3 days ago,N/A
Java Developer (WebLogic / Spring / SQL),N/A,N/A,Posted 15 days ago,N/A
Senior Java Developer,N/A,N/A,Posted 23 days ago,N/A
Senior Java Developer,N/A,N/A,Posted 23 days ago,N/A
Lead Java / J2EE Developer (JSP / Eclipse / Spring / WebSphere),N/A,N/A,Posted 15 days ago,N/A
Full Stack Java Developer,N/A,N/A,Posted 47 days ago,N/A
Sr. FS Java Developer,N/A,N/A,Posted 1 hour ago,N/A
Senior Java Developer,N/A,N/A,Posted 23 days ago,N/A
Java Developer,N/A,N/A,Posted 2 days ago,N/A
